{"cameraMode":{"drawMode":0,"name":"Shaded","section":"Shading Mode"},"sceneLighting":true,"audioPlay":false,"sceneViewState":{"showFog":true,"showMaterialUpdate":true,"showSkybox":true,"showFlares":true,"showImageEffects":true,"showParticleSystems":true},"in2DMode":false,"pivot":{"x":23.539718627929689,"y":-9.752525329589844,"z":24.39177131652832},"rotation":{"x":0.4271067678928375,"y":0.10164497792720795,"z":-0.04838299751281738,"w":0.8971766233444214},"size":13.552603721618653,"orthographic":false}